app_name,volume_mn,value_cr,month,year
AU Small Finance Bank App,0.02,12.28,1,2021
Airtel Payments Bank Apps,3.71,355.77,1,2021
Allahabad Bank App,0.09,21.14,1,2021
Amazon Pay,46.3,4044.38,1,2021
Andhra Bank App,0.02,13.32,1,2021
Axis Bank Apps,71.96,618.44,1,2021
BHIM,23.38,7462.94,1,2021
Bajaj Finserv,0.01,0.99,1,2021
Bank of Baroda Apps,0.75,293.25,1,2021
Bank of Maharashtra App,0.02,6.37,1,2021
Canara Bank App,0.09,40.52,1,2021
Central Bank of India App,0.11,40.45,1,2021
Citi Bank App,0.09,71.3,1,2021
Cointab,0.13,43.7,1,2021
Cred,4.08,4247.83,1,2021
DBS Digibank App,0.56,178.75,1,2021
Dena Bank App,0.02,20.5,1,2021
Deutsche Bank App,0.55,60.65,1,2021
Federal Bank App,0.15,26.09,1,2021
Fino Payments Bank App,0.01,1.08,1,2021
Freecharge,1.12,63.8,1,2021
Google Pay,853.53,177791.47,1,2021
HDFC Bank Apps,1.52,244.03,1,2021
HSBC Bank App,0.06,41.59,1,2021
ICICI Bank Apps,10.46,1984.07,1,2021
IDBI Bank App,0.02,9.18,1,2021
IDFC Bank App,0.08,41.87,1,2021
India Post Payments Bank App,1.08,123.25,1,2021
Indian Bank App,0.02,5.77,1,2021
IndusInd Bank App,1.82,367.77,1,2021
Janta Sahakari Bank App,0.01,5.02,1,2021
Jio Payments Bank App,0.41,27.91,1,2021
Karnataka Bank App,0.07,15.35,1,2021
Karur Vysya Bank App,0.03,13.14,1,2021
Khalijeb,0.02,2.49,1,2021
Kotak Mahindra Bank Apps,1.88,343.38,1,2021
MI Pay,0.44,62.81,1,2021
MakeMy Trip,0.01,3.95,1,2021
Mobikwik,1.94,253.16,1,2021
Other Apps,0.03,10.76,1,2021
Paytm Payments Bank App,332.69,37845.76,1,2021
PhonePe,968.72,191973.77,1,2021
Punjab National Bank App,0.13,64.68,1,2021
Punjab Sind Bank App,0.01,3.18,1,2021
RBL Bank App,0.12,48.58,1,2021
RealMe,0.01,1.86,1,2021
Samsung Pay,1.67,314.07,1,2021
South Indian Bank App,0.06,22.77,1,2021
Standard Chartered Bank App,0.05,27.86,1,2021
State Bank of India Apps,4.29,2358.82,1,2021
Truecaller,0.01,1.94,1,2021
UCO Bank App,0.05,14.12,1,2021
Ultracash,0.75,120.28,1,2021
Union Bank Apps,0.24,99.94,1,2021
WhatsApp,0.56,36.44,1,2021
Yes Bank Apps,14.78,3207.95,1,2021
AU Small Finance Bank App,0.03,15.48,2,2021
Airtel Payments Bank Apps,3.33,348.7,2,2021
Allahabad Bank App,0.05,12.23,2,2021
Amazon Pay,44.22,3831.99,2,2021
Axis Bank Apps,64.74,648.47,2,2021
BHIM,20.44,6379.91,2,2021
Bajaj Finserv,0.01,1.03,2,2021
Bank of Baroda Apps,0.66,256.49,2,2021
Bank of Maharashtra App,0.02,5.73,2,2021
Canara Bank App,0.08,37.39,2,2021
Central Bank of India App,0.1,39.78,2,2021
Citi Bank App,0.1,64.89,2,2021
Cointab,0.12,41.56,2,2021
Cred,3.94,4229.11,2,2021
DBS Digibank App,0.52,167.48,2,2021
Dena Bank App,0.01,17.66,2,2021
Deutsche Bank App,0.55,59.97,2,2021
Federal Bank App,0.16,30.55,2,2021
Fino Payments Bank App,0.01,1.14,2,2021
Google Pay,827.86,174455.33,2,2021
HDFC Bank Apps,1.13,208.06,2,2021
HSBC Bank App,0.05,37.36,2,2021
ICICI Bank Apps,9.93,2477.23,2,2021
IDBI Bank App,0.02,9.15,2,2021
IDFC Bank App,0.1,47.09,2,2021
India Post Payments Bank App,1.23,145.46,2,2021
Indian Bank App,0.05,12.38,2,2021
IndusInd Bank App,2.16,379.54,2,2021
Janta Sahakari Bank App,0.01,4.35,2,2021
Jio Payments Bank App,0.36,25.76,2,2021
Karnataka Bank App,0.09,16.41,2,2021
Karur Vysya Bank App,0.03,13.87,2,2021
Kotak Mahindra Bank Apps,1.95,347.66,2,2021
MI Pay,0.4,59.91,2,2021
MakeMy Trip,0.12,44.08,2,2021
Mobikwik,1.92,216.94,2,2021
Other Apps,0.02,10.49,2,2021
Paytm Payments Bank App,340.71,38493.52,2,2021
PhonePe,975.53,189517.82,2,2021
Punjab National Bank App,0.13,62.93,2,2021
Punjab Sind Bank App,0.01,3.67,2,2021
RBL Bank App,0.12,49.4,2,2021
RealMe,0.01,1.63,2,2021
Samsung Pay,1.65,296.08,2,2021
South Indian Bank App,0.06,22.61,2,2021
Standard Chartered Bank App,0.05,27.11,2,2021
State Bank of India Apps,4.13,2273.77,2,2021
Truecaller,0.05,15.36,2,2021
UCO Bank App,0.06,13.69,2,2021
Ultracash,0.89,118.31,2,2021
Union Bank Apps,0.32,119.4,2,2021
WhatsApp,0.55,32.41,2,2021
Yes Bank Apps,29.34,3396.01,2,2021
YuvaPay,0.02,0.63,2,2021
AU Small Finance Bank App,0.04,21.33,3,2021
Airtel Payments Bank Apps,3.79,381.74,3,2021
Allahabad Bank App,0.05,13.51,3,2021
Amazon Pay,52.38,4457.47,3,2021
Axis Bank Apps,72.87,748.91,3,2021
BHIM,24.42,7653.21,3,2021
Bajaj Finserv,0.01,1.02,3,2021
Bank of Baroda Apps,0.78,294.28,3,2021
Bank of Maharashtra App,0.03,6.73,3,2021
Canara Bank App,0.1,47.87,3,2021
Central Bank of India App,0.12,46.03,3,2021
Citi Bank App,0.1,71.02,3,2021
Cointab,0.12,45.71,3,2021
Cred,4.96,5389.97,3,2021
DBS Digibank App,0.59,178.13,3,2021
Dena Bank App,0.02,23.57,3,2021
Deutsche Bank App,0.71,79.58,3,2021
Federal Bank App,0.2,38.85,3,2021
Fino Payments Bank App,0.01,1.28,3,2021
Google Pay,957.01,201185.14,3,2021
HDFC Bank Apps,1.59,244.17,3,2021
HSBC Bank App,0.08,45.89,3,2021
ICICI Bank Apps,13.95,3823.36,3,2021
IDBI Bank App,0.02,9.68,3,2021
IDFC Bank App,0.13,60.84,3,2021
India Post Payments Bank App,1.21,167.52,3,2021
Indian Bank App,0.09,34.1,3,2021
IndusInd Bank App,4.49,541.66,3,2021
Janta Sahakari Bank App,0.01,5.32,3,2021
Jio Payments Bank App,0.47,32.14,3,2021
Karnataka Bank App,0.12,20.89,3,2021
Karur Vysya Bank App,0.03,15.14,3,2021
Kotak Mahindra Bank Apps,2.26,397.99,3,2021
MI Pay,0.42,64.65,3,2021
MakeMy Trip,0.09,31.2,3,2021
Mobikwik,2.22,315.59,3,2021
Other Apps,0.02,11.62,3,2021
Paytm Payments Bank App,401.16,43221.25,3,2021
PhonePe,1199.51,231412.33,3,2021
Punjab National Bank App,0.14,72.25,3,2021
Punjab Sind Bank App,0.01,3.21,3,2021
RBL Bank App,0.14,59.94,3,2021
RealMe,0.01,1.44,3,2021
Samsung Pay,1.83,326.96,3,2021
South Indian Bank App,0.07,25.5,3,2021
Standard Chartered Bank App,0.05,30.66,3,2021
State Bank of India Apps,4.55,2578.38,3,2021
Truecaller,0.01,3.55,3,2021
UCO Bank App,0.07,16.08,3,2021
Ultracash,1.33,158.23,3,2021
Union Bank Apps,0.38,144.93,3,2021
WhatsApp,0.58,38.17,3,2021
Yes Bank Apps,29.14,4831.58,3,2021
YuvaPay,0.56,18.56,3,2021
AU Small Finance Bank App,0.04,20.23,4,2021
Airtel Payments Bank Apps,14.7,11172.43,4,2021
Allahabad Bank App,0.02,5.21,4,2021
Amazon Pay,49.12,4272.47,4,2021
Axis Bank Apps,80.52,747.46,4,2021
BHIM,22.26,6886.78,4,2021
Bajaj Finserv,0.01,0.96,4,2021
Bank of Baroda Apps,0.56,238.5,4,2021
Bank of India App,0.01,2.11,4,2021
Bank of Maharashtra App,0.02,6.05,4,2021
Canara Bank App,0.09,43.87,4,2021
Central Bank of India App,0.11,41.58,4,2021
Citi Bank App,0.08,68.17,4,2021
Cointab,0.11,40.84,4,2021
Cred,5.08,5419.88,4,2021
DBS Digibank App,0.54,164.93,4,2021
Dena Bank App,0.02,22.37,4,2021
Deutsche Bank App,0.43,43.58,4,2021
Federal Bank App,0.19,39.57,4,2021
Fino Payments Bank App,0.01,1.18,4,2021
Google Pay,905.96,190106.71,4,2021
HDFC Bank Apps,1.42,243.86,4,2021
HSBC Bank App,0.07,40.03,4,2021
ICICI Bank Apps,14.37,3827.95,4,2021
IDBI Bank App,0.02,9.59,4,2021
IDFC Bank App,0.15,65.23,4,2021
India Post Payments Bank App,1.32,174.08,4,2021
Indian Bank App,0.06,24.13,4,2021
IndusInd Bank App,4.2,654.49,4,2021
Jio Payments Bank App,0.57,35.43,4,2021
Karnataka Bank App,0.12,21.13,4,2021
Karur Vysya Bank App,0.03,13.08,4,2021
Kotak Mahindra Bank Apps,2.13,381.37,4,2021
MI Pay,0.38,58.08,4,2021
MakeMy Trip,0.08,26.08,4,2021
Mobikwik,2.09,254.32,4,2021
Other Apps,0.03,13.88,4,2021
Paytm Payments Bank App,372.7,41469.53,4,2021
PhonePe,1189.89,234023.33,4,2021
Punjab National Bank App,0.12,63.07,4,2021
RBL Bank App,0.13,58.08,4,2021
Samsung Pay,1.62,312.93,4,2021
South Indian Bank App,0.07,23.53,4,2021
Standard Chartered Bank App,0.06,33.32,4,2021
State Bank of India Apps,4.14,2359.08,4,2021
UCO Bank App,0.07,16.17,4,2021
Ultracash,1.49,178.72,4,2021
Union Bank Apps,0.34,135.79,4,2021
WhatsApp,0.54,47.62,4,2021
Yes Bank Apps,22.81,5120.17,4,2021
YuvaPay,1.59,51.22,4,2021
AU Small Finance Bank App,0.04,20.29,5,2021
Airtel Payments Bank Apps,4.06,429.12,5,2021
Allahabad Bank App,0.01,4.43,5,2021
Amazon Pay,58.35,4782.59,5,2021
Axis Bank Apps,68.9,806.31,5,2021
BHIM,21.02,6776.2,5,2021
Bajaj Finserv,0.01,0.77,5,2021
Bank of Baroda Apps,0.54,230.89,5,2021
Bank of India App,0.01,5.23,5,2021
Bank of Maharashtra App,0.02,6.18,5,2021
Canara Bank App,0.09,45.92,5,2021
Central Bank of India App,0.1,42.18,5,2021
Citi Bank App,0.08,70.14,5,2021
Cointab,0.1,35.72,5,2021
Cred,5.65,6142.78,5,2021
DBS Digibank App,0.47,160.73,5,2021
Dena Bank App,0.02,20.9,5,2021
Deutsche Bank App,0.21,14.73,5,2021
Federal Bank App,0.17,38.99,5,2021
Fino Payments Bank App,0.01,1.23,5,2021
Google Pay,880.59,187136.95,5,2021
HDFC Bank Apps,1.56,274.77,5,2021
HSBC Bank App,0.06,35.68,5,2021
ICICI Bank Apps,13.16,4514.11,5,2021
IDBI Bank App,0.02,10.36,5,2021
IDFC Bank App,0.15,72.34,5,2021
India Post Payments Bank App,1.29,178.52,5,2021
Indian Bank App,0.06,26.84,5,2021
IndusInd Bank App,3.12,433.37,5,2021
Jio Payments Bank App,0.68,40.92,5,2021
Karnataka Bank App,0.1,20.74,5,2021
Karur Vysya Bank App,0.02,11.59,5,2021
Kotak Mahindra Bank Apps,2.37,427.4,5,2021
MI Pay,0.37,55.17,5,2021
MakeMy Trip,0.03,11.47,5,2021
Mobikwik,3.18,467.11,5,2021
NSDL Payments Bank App,0.01,0.58,5,2021
Others,0.03,12.47,5,2021
Paytm Payments Bank App,343.81,43741.16,5,2021
PhonePe,1149.84,234123.57,5,2021
Punjab National Bank App,0.11,55.51,5,2021
RBL Bank App,0.12,56.21,5,2021
Samsung Pay,1.36,302.68,5,2021
South Indian Bank App,0.05,19.67,5,2021
Standard Chartered Bank App,0.06,36.73,5,2021
State Bank of India Apps,3.69,2079.32,5,2021
UCO Bank App,0.08,19.5,5,2021
Ultracash,1.15,142.92,5,2021
Union Bank Apps,0.28,110.65,5,2021
WhatsApp,0.51,48.15,5,2021
Yes Bank Apps,21.08,4486.54,5,2021
YuvaPay,2.32,73.16,5,2021
AU Small Finance Bank App,0.05,25.43,6,2021
Airtel Payments Bank Apps,6.69,2821.94,6,2021
Amazon Pay,51.34,4814.74,6,2021
Axis Bank Apps,61.92,857.05,6,2021
BHIM,22.84,7319.77,6,2021
Bajaj Finserv,0.01,1.05,6,2021
Bank of Baroda Apps,0.6,265.38,6,2021
Bank of India App,0.02,8.25,6,2021
Bank of Maharashtra App,0.03,6.82,6,2021
Canara Bank App,0.1,52.64,6,2021
Central Bank of India App,0.11,45.3,6,2021
Citi Bank App,0.08,75.09,6,2021
Cointab,0.12,40.95,6,2021
Cred,5.77,6151.57,6,2021
DBS Digibank App,0.51,170.57,6,2021
Dena Bank App,0.02,21.57,6,2021
Deutsche Bank App,0.32,27.44,6,2021
Federal Bank App,0.21,49.99,6,2021
Fino Payments Bank App,0.01,1.09,6,2021
Google Pay,972.26,207287.73,6,2021
HDFC Bank Apps,2.07,408.61,6,2021
HSBC Bank App,0.07,35.57,6,2021
ICICI Bank Apps,15.29,5076.12,6,2021
IDBI Bank App,0.02,10.86,6,2021
IDFC Bank App,0.21,101.74,6,2021
India Post Payments Bank App,1.47,203.73,6,2021
Indian Bank App,0.05,25.18,6,2021
IndusInd Bank App,2.18,421.41,6,2021
Jio Payments Bank App,0.8,52.08,6,2021
Karnataka Bank App,0.12,22.51,6,2021
Karur Vysya Bank App,0.03,12.59,6,2021
Kotak Mahindra Bank Apps,2.8,535.98,6,2021
MI Pay,0.36,56.69,6,2021
MakeMy Trip,0.06,22.16,6,2021
Mobikwik,3.21,535.12,6,2021
Others,0.05,19.27,6,2021
Paytm Payments Bank App,383.05,44981.11,6,2021
PhonePe,1292.71,262565.88,6,2021
Punjab National Bank App,0.08,41.1,6,2021
RBL Bank App,0.13,61.95,6,2021
Samsung Pay,1.64,331.04,6,2021
South Indian Bank App,0.06,24.3,6,2021
Standard Chartered Bank App,0.06,39.42,6,2021
State Bank of India Apps,3.43,1978.61,6,2021
UCO Bank App,0.09,20.8,6,2021
Ultracash,1.19,148.09,6,2021
Union Bank Apps,0.29,128.37,6,2021
WhatsApp,0.46,42.44,6,2021
Yes Bank Apps,24.72,5227.04,6,2021
YuvaPay,1.33,60.44,6,2021
AU Small Finance Bank App,0.08,33.12,7,2021
Airtel Payments Bank Apps,7.36,2342.76,7,2021
Allahabad Bank App,0.01,2.03,7,2021
Amazon Pay,62.83,5223.57,7,2021
Axis Bank Apps,74.13,941.35,7,2021
BHIM,23.76,7442.86,7,2021
Bajaj Finserv,0.02,1.55,7,2021
Bank of Baroda Apps,0.67,284.99,7,2021
Bank of India App,0.03,9.8,7,2021
Bank of Maharashtra App,0.03,7.27,7,2021
Canara Bank App,0.11,55.83,7,2021
Central Bank of India App,0.12,46.71,7,2021
Citi Bank App,0.09,80.39,7,2021
City Union Bank App,0.01,2.09,7,2021
Cointab,0.17,49.15,7,2021
Cred,7.12,8121.41,7,2021
DBS Digibank App,0.57,189.67,7,2021
Dena Bank App,0.02,24.26,7,2021
Deutsche Bank App,0.52,55.55,7,2021
Federal Bank App,0.28,68.82,7,2021
Fino Payments Bank App,0.01,1.13,7,2021
Google Pay,1119.16,230847.54,7,2021
HDFC Bank Apps,3,588.25,7,2021
HSBC Bank App,0.06,40.52,7,2021
ICICI Bank Apps,18.26,5896.05,7,2021
IDBI Bank App,0.02,11.24,7,2021
IDFC Bank App,0.3,130.1,7,2021
India Post Payments Bank App,1.79,231.52,7,2021
Indian Bank App,0.08,33.52,7,2021
IndusInd Bank App,2.18,458.06,7,2021
Jio Payments Bank App,1.03,63.44,7,2021
Jupiter Money,0.01,2.07,7,2021
Karnataka Bank App,0.13,18.45,7,2021
Karur Vysya Bank App,0.03,14.6,7,2021
Kotak Mahindra Bank Apps,3.46,642.53,7,2021
MI Pay,0.34,53.34,7,2021
MakeMy Trip,0.08,29.31,7,2021
Mobikwik,2.8,402.42,7,2021
NSDL Payments Bank App,0.01,0.86,7,2021
Other Bank Apps,0.04,16.61,7,2021
Paytm Payments Bank App,454.06,51694.41,7,2021
PhonePe,1492.09,288572.9,7,2021
Punjab National Bank App,0.02,8.86,7,2021
RBL Bank App,0.15,68.54,7,2021
Samsung Pay,2.02,367.67,7,2021
South Indian Bank App,0.08,28.23,7,2021
Standard Chartered Bank App,0.08,46.29,7,2021
State Bank of India Apps,3.55,1908.2,7,2021
UCO Bank App,0.08,22.5,7,2021
Ultracash,1.45,158.45,7,2021
Union Bank Apps,0.33,137.37,7,2021
WhatsApp,0.47,45.33,7,2021
Yes Bank Apps,25.94,4811.73,7,2021
YuvaPay,0.48,38.3,7,2021
AU Small Finance Bank App,0.1,38.53,8,2021
Airtel Payments Bank Apps,9.31,2941.88,8,2021
Allahabad Bank App,0.01,4.44,8,2021
Amazon Pay,60.67,5297.16,8,2021
Axis Bank Apps,87.49,959.73,8,2021
BHIM,26.33,8063.93,8,2021
Bajaj Finserv,0.04,2.85,8,2021
Bank of Baroda Apps,0.75,302.06,8,2021
Bank of India App,0.03,10.31,8,2021
Bank of Maharashtra App,0.04,7.76,8,2021
Canara Bank App,0.14,56.23,8,2021
Central Bank of India App,0.13,47.83,8,2021
Citi Bank App,0.09,72.04,8,2021
City Union Bank App,0.01,2.73,8,2021
Cointab,0.28,63.77,8,2021
Cred,7.5,9040.43,8,2021
DBS Digibank App,0.57,187.52,8,2021
Dena Bank App,0.02,23.12,8,2021
Deutsche Bank App,0.73,81.74,8,2021
Federal Bank App,0.35,74.71,8,2021
Fino Payments Bank App,0.02,1.38,8,2021
Google Pay,1243.75,244453.05,8,2021
HDFC Bank Apps,3.1,676.72,8,2021
HSBC Bank App,0.07,39.24,8,2021
ICICI Bank Apps,19.81,5621.27,8,2021
IDBI Bank App,0.03,11.26,8,2021
IDFC Bank App,0.4,155.19,8,2021
India Post Payments Bank App,2,255.16,8,2021
Indian Bank App,0.08,34.46,8,2021
IndusInd Bank App,0.52,570.21,8,2021
Janta Sahakari Bank App,0.01,4.8,8,2021
Jio Payments Bank App,1.06,68.16,8,2021
Jupiter Money,0.07,17.36,8,2021
Karnataka Bank App,0.12,15.38,8,2021
Karur Vysya Bank App,0.03,15.25,8,2021
Kotak Mahindra Bank Apps,3.98,723.21,8,2021
MI Pay,0.34,50.26,8,2021
MakeMy Trip,0.08,25.28,8,2021
Mobikwik,2.59,418.04,8,2021
NSDL Payments Bank App,0.01,0.85,8,2021
Other Apps,0.02,10.41,8,2021
Paytm Payments Bank App,498.65,56319.62,8,2021
PhonePe,1622.95,301644.8,8,2021
Punjab National Bank App,0.04,15.28,8,2021
Punjab Sindh Bank App,0.01,2.53,8,2021
RBL Bank App,0.16,70.24,8,2021
RealMe,0.01,0.41,8,2021
Samsung Pay,2.25,372.08,8,2021
South Indian Bank App,0.09,31.69,8,2021
Standard Chartered Bank App,0.08,45.31,8,2021
State Bank of India Apps,3.69,1905.52,8,2021
UCO Bank App,0.09,21.64,8,2021
Ultracash,1.66,161.92,8,2021
Union Bank Apps,0.37,150.94,8,2021
WhatsApp,0.5,44.7,8,2021
Yes Bank Apps,24.35,5702.87,8,2021
YuvaPay,0.02,19.01,8,2021
AU Small Finance Bank App,0.13,46.49,9,2021
Airtel Payments Bank Apps,11.52,3759.12,9,2021
Allahabad Bank App,0.02,5.34,9,2021
Amazon Pay,62.9,5267.79,9,2021
Axis Bank Apps,59.13,832.73,9,2021
BHIM,25.36,7538.58,9,2021
Bajaj Finserv,0.04,3.03,9,2021
Bank of Baroda Apps,0.73,293.05,9,2021
Bank of India App,0.03,12.45,9,2021
Bank of Maharashtra App,0.04,7.8,9,2021
Canara Bank App,0.16,51.88,9,2021
Central Bank of India App,0.13,47.35,9,2021
Citi Bank App,0.12,68.42,9,2021
City Union Bank App,0.01,3.32,9,2021
Cointab,0.34,69.81,9,2021
Cred,7.74,9614.36,9,2021
DBS Digibank App,0.55,180.79,9,2021
Dena Bank App,0.02,24.37,9,2021
Deutsche Bank App,0.76,70.24,9,2021
Dhanlaxmi Bank App,0.01,2.86,9,2021
Federal Bank App,0.39,79.44,9,2021
Fino Payments Bank App,0.02,1.63,9,2021
Finshell Pay,0.02,0.72,9,2021
Goibibo,0.01,2.62,9,2021
Google Pay,1294.56,250393.65,9,2021
HDFC Bank Apps,3.14,772.08,9,2021
HSBC Bank App,0.08,43.02,9,2021
ICICI Bank Apps,22.11,6579.65,9,2021
IDBI Bank App,0.02,12,9,2021
IDFC Bank App,0.49,181.96,9,2021
India Post Payments Bank App,2.28,267.94,9,2021
Indian Bank App,0.08,35.34,9,2021
IndusInd Bank App,0.33,532.43,9,2021
Jio Payments Bank App,1.24,74.89,9,2021
Jupiter Money,0.13,29.3,9,2021
Karnataka Bank App,0.16,18.64,9,2021
Karur Vysya Bank App,0.03,14.14,9,2021
Kotak Mahindra Bank Apps,4.31,771.05,9,2021
MI Pay,0.36,51.29,9,2021
MakeMy Trip,0.08,25.67,9,2021
Mobikwik,3.2,687.94,9,2021
NSDL Payments Bank App,0.01,0.84,9,2021
Other Apps,0.03,11.75,9,2021
Paytm Payments Bank App,543.55,61417.53,9,2021
PhonePe,1653.19,306437.37,9,2021
Punjab National Bank App,0.07,25.07,9,2021
Punjab Sindh Bank App,0.01,2.7,9,2021
RBL Bank App,0.17,65.95,9,2021
Samsung Pay,2.37,371.1,9,2021
South Indian Bank App,0.09,31.18,9,2021
Standard Chartered Bank App,0.08,45.86,9,2021
State Bank of India Apps,3.77,1874.58,9,2021
UCO Bank App,0.1,23.44,9,2021
Ultracash,2.02,163.57,9,2021
Union Bank Apps,0.41,155.2,9,2021
WhatsApp,1.01,62.31,9,2021
Yes Bank Apps,23.03,4994.33,9,2021
YuvaPay,0.04,46.94,9,2021
AU Small Finance Bank App,0.16,62.15,10,2021
Airtel Payments Bank Apps,14.31,4746.79,10,2021
Allahabad Bank App,0.02,6.35,10,2021
Amazon Pay,68.82,6286.6,10,2021
Axis Bank Apps,69.28,1005.7,10,2021
BHIM,27.27,8513.82,10,2021
Bajaj Finserv,0.06,4.3,10,2021
Bank of Baroda Apps,0.8,344.85,10,2021
Bank of India App,0.03,12.88,10,2021
Bank of Maharashtra App,0.04,10.5,10,2021
Canara Bank App,0.21,77.06,10,2021
Central Bank of India App,0.12,45.48,10,2021
Citi Bank App,0.11,81.21,10,2021
City Union Bank App,0.01,3.95,10,2021
Cointab,0.45,84.71,10,2021
Cred,9.73,12561.25,10,2021
DBS Digibank App,0.58,198.18,10,2021
Dena Bank App,0.02,27.43,10,2021
Deutsche Bank App,0.85,99.23,10,2021
Federal Bank App,0.44,90.5,10,2021
Fino Payments Bank App,0.02,1.75,10,2021
Finshell Pay,0.03,1.26,10,2021
Google Pay,1451.93,287491.46,10,2021
HDFC Bank Apps,5.02,1082.99,10,2021
HSBC Bank App,0.08,53.39,10,2021
ICICI Bank Apps,29.27,6329.63,10,2021
IDBI Bank App,0.03,14.22,10,2021
IDFC Bank App,0.62,231.02,10,2021
India Post Payments Bank App,2.39,291.7,10,2021
Indian Bank App,0.09,38.84,10,2021
IndusInd Bank App,1.05,1014.56,10,2021
Jio Payments Bank App,1.33,85.75,10,2021
Jupiter Money,0.29,60,10,2021
Karnataka Bank App,0.2,25.71,10,2021
Karur Vysya Bank App,0.03,15.4,10,2021
Kotak Mahindra Bank Apps,5.38,944.5,10,2021
MI Pay,0.37,54.77,10,2021
MakeMy Trip,0.13,48.4,10,2021
Mobikwik,4.08,1070.32,10,2021
Other Apps,0.05,21.51,10,2021
Paytm Payments Bank App,632.18,80508.04,10,2021
PhonePe,1937.57,365845.39,10,2021
Punjab National Bank App,0.08,32.06,10,2021
RBL Bank App,0.22,84.08,10,2021
Samsung Pay,2.81,428.41,10,2021
South Indian Bank App,0.11,37.4,10,2021
Standard Chartered Bank App,0.1,56.38,10,2021
State Bank of India Apps,3.98,2089.18,10,2021
UCO Bank App,0.11,27.95,10,2021
Ultracash,2.32,170.32,10,2021
Union Bank Apps,0.66,223.98,10,2021
WhatsApp*,2.6,104.19,10,2021
Yes Bank Apps,28.41,7660.27,10,2021
YuvaPay,0.04,61.62,10,2021
AU Small Finance Bank App,0.17,67.04,11,2021
Airtel Payments Bank Apps,15.9,5554.63,11,2021
Allahabad Bank App,0.02,6.28,11,2021
Amazon Pay,71.04,6041.96,11,2021
Axis Bank Apps,70.83,920.76,11,2021
BHIM,25.23,8237.22,11,2021
Bajaj Finserv,0.06,4.1,11,2021
Bank of Baroda Apps,0.75,329.77,11,2021
Bank of India App,0.03,13.54,11,2021
Bank of Maharashtra App,0.04,10.84,11,2021
Canara Bank App,0.21,78.32,11,2021
Central Bank of India App,0.11,43.57,11,2021
Citi Bank App,0.09,77.41,11,2021
City Union Bank App,0.01,3.85,11,2021
Cointab,0.64,112.28,11,2021
Cred,9.03,12277.85,11,2021
DBS Digibank App,0.52,185.2,11,2021
Dena Bank App,0.02,24.11,11,2021
Deutsche Bank App,0.98,115.42,11,2021
Dhanlaxmi Bank App,0.01,2.37,11,2021
Federal Bank App,0.47,91.94,11,2021
Fino Payments Bank App,0.02,1.81,11,2021
Finshell Pay,0.05,2.19,11,2021
Google Pay,1447.84,283357.99,11,2021
HDFC Bank Apps,3.87,1030.59,11,2021
HSBC Bank App,0.08,46.98,11,2021
ICICI Bank Apps,29.14,7246.75,11,2021
IDBI Bank App,0.03,13.31,11,2021
IDFC Bank App,0.64,237.83,11,2021
India Post Payments Bank App,2.3,286.07,11,2021
Indian Bank App,0.09,37.77,11,2021
IndusInd Bank App,1.1,1407.31,11,2021
Jio Payments Bank App,1.38,89.68,11,2021
Jupiter Money,0.55,102.84,11,2021
Karnataka Bank App,0.22,27.68,11,2021
Karur Vysya Bank App,0.03,15.46,11,2021
Kotak Mahindra Bank Apps,5.78,1035.67,11,2021
MI Pay,0.33,47.27,11,2021
MakeMy Trip,0.12,45.04,11,2021
Mobikwik,5.18,1478.95,11,2021
NSDL Payments Bank App,0.01,1.11,11,2021
Other Apps,0.03,14.98,11,2021
Paytm Payments Bank App,631.3,81403.37,11,2021
PhonePe,1911.21,365044.32,11,2021
Punjab National Bank App,0.07,31.14,11,2021
RBL Bank App,0.25,81.95,11,2021
Samsung Pay,2.8,412.13,11,2021
South Indian Bank App,0.11,36.91,11,2021
Standard Chartered Bank App,0.09,53.87,11,2021
State Bank of India Apps,3.72,1990.21,11,2021
UCO Bank App,0.12,30.41,11,2021
Ultracash,2.13,162.44,11,2021
Union Bank Apps,0.43,178.53,11,2021
WhatsApp,2.11,149.38,11,2021
Yes Bank Apps,24.34,6171.08,11,2021
YuvaPay,0.04,66.62,11,2021
AU Small Finance Bank App,0.21,76.22,12,2021
Airtel Payments Bank Apps,15.12,5732.09,12,2021
Allahabad Bank App,0.02,7.43,12,2021
Amazon Pay,76.18,6641.62,12,2021
Axis Bank Apps,59.85,957.37,12,2021
BHIM,27.12,8831.67,12,2021
Bajaj Finserv,0.13,7.08,12,2021
Bank of Baroda Apps,0.75,333.91,12,2021
Bank of India App,0.04,17.26,12,2021
Bank of Maharashtra App,0.05,11.52,12,2021
Canara Bank App,0.25,90.72,12,2021
Central Bank of India App,0.13,46.47,12,2021
Citi Bank App,0.09,76.94,12,2021
City Union Bank App,0.01,4.61,12,2021
Cointab,0.94,144.16,12,2021
Cred,10.36,13817.16,12,2021
DBS Digibank App,0.55,190.75,12,2021
Dena Bank App,0.02,26.08,12,2021
Deutsche Bank App,0.85,86.2,12,2021
Dhanlaxmi Bank App,0.01,3.07,12,2021
Federal Bank App,0.48,99.96,12,2021
Fino Payments Bank App,0.03,2.09,12,2021
Finshell Pay,0.06,2.92,12,2021
Google Pay,1587.43,302989.79,12,2021
HDFC Bank Apps,4.96,1250.74,12,2021
HSBC Bank App,0.09,53.73,12,2021
ICICI Bank Apps,31.99,8921.76,12,2021
IDBI Bank App,0.02,11.34,12,2021
IDFC Bank App,0.9,278.53,12,2021
India Post Payments Bank App,2.76,321.16,12,2021
Indian Bank App,0.12,42.71,12,2021
IndusInd Bank App,1.19,1269.16,12,2021
Jammu and Kashmir Bank App,0.01,1.93,12,2021
Janta Sahakari Bank App,0.01,4.48,12,2021
Jio Payments Bank App,1.65,100.19,12,2021
Jupiter Money,0.98,177.92,12,2021
Karnataka Bank App,0.25,30.03,12,2021
Karur Vysya Bank App,0.04,17.44,12,2021
Kotak Mahindra Bank Apps,6.39,1168.93,12,2021
MI Pay,0.31,43.97,12,2021
MakeMy Trip,0.07,22.3,12,2021
Mobikwik,4.24,985.86,12,2021
NSDL Payments Bank App,0.01,1.31,12,2021
Others,0.02,8.74,12,2021
Paytm Payments Bank App,706.37,88094.49,12,2021
PhonePe,2077.6,394565.58,12,2021
Punjab National Bank App,0.07,33.76,12,2021
RBL Bank App,0.35,102.17,12,2021
Samsung Pay,3.21,436.3,12,2021
South Indian Bank App,0.13,39.92,12,2021
Standard Chartered Bank App,0.1,60.26,12,2021
State Bank of India Apps,3.63,1961.72,12,2021
UCO Bank App,0.14,33.49,12,2021
Ultracash,1.96,178.99,12,2021
Union Bank Apps,0.36,167.6,12,2021
WhatsApp,2.25,188.78,12,2021
Yes Bank Apps,25.14,5689.75,12,2021
YuvaPay,0.05,78.43,12,2021
AU Small Finance Bank App,0.23,81.15,1,2022
Airtel Payments Bank Apps,13.22,4729.77,1,2022
Allahabad Bank App,0.02,7.36,1,2022
Amazon Pay,73.5,6729.66,1,2022
Axis Bank Apps,47.25,1093.02,1,2022
BHIM,25.82,8511.91,1,2022
Bajaj Finserv,0.24,12.88,1,2022
Bank of Baroda Apps,0.71,342.85,1,2022
Bank of India App,0.05,20.23,1,2022
Bank of Maharashtra App,0.05,12.46,1,2022
Canara Bank App,0.26,98.95,1,2022
Central Bank of India App,0.13,47.33,1,2022
Citi Bank App,0.09,77.8,1,2022
City Union Bank App,0.02,4.92,1,2022
Cointab,1.21,179.22,1,2022
Cred,10.68,14189.86,1,2022
DBS Digibank App,0.51,186.79,1,2022
Dena Bank App,0.02,26.5,1,2022
Deutsche Bank App,0.92,62.08,1,2022
Dhanlaxmi Bank App,0.01,2.95,1,2022
Federal Bank App,0.54,109.25,1,2022
Fino Payments Bank App,0.03,2.79,1,2022
Finshell Pay,0.07,3.69,1,2022
Google Pay,1584.2,298267.07,1,2022
HDFC Bank Apps,4.94,1366.89,1,2022
HSBC Bank App,0.08,54.57,1,2022
ICICI Bank Apps,33.43,8707.05,1,2022
IDBI Bank App,0.02,12.54,1,2022
IDFC Bank App,1.22,316.37,1,2022
India Post Payments Bank App,2.65,309.42,1,2022
Indian Bank App,0.13,47.42,1,2022
IndusInd Bank App,0.74,1218.79,1,2022
Jammu and Kashmir Bank App,0.01,2.47,1,2022
Janta Sahakari Bank App,0.01,4.46,1,2022
Jio Payments Bank App,2.05,114.39,1,2022
Jupiter Money,1.02,156.15,1,2022
Karnataka Bank App,0.25,31.19,1,2022
Karur Vysya Bank App,0.04,17.37,1,2022
Kotak Mahindra Bank Apps,6.88,1333.06,1,2022
MI Pay,0.27,40.51,1,2022
MakeMy Trip,0.06,19.63,1,2022
Mobikwik,3.87,886.55,1,2022
NSDL Payments Bank App,0.02,1.45,1,2022
Others,0.02,9.08,1,2022
Paytm Payments Bank App,710.28,85125.97,1,2022
PhonePe,2140.28,405173.78,1,2022
Punjab National Bank App,0.09,44.86,1,2022
Punjab Sindh Bank App,0.01,2.87,1,2022
RBL Bank App,0.43,101.45,1,2022
Samsung Pay,3.17,431.07,1,2022
South Indian Bank App,0.13,41.4,1,2022
Standard Chartered Bank App,0.11,60.49,1,2022
State Bank of India Apps,3.62,1967.05,1,2022
UCO Bank App,0.16,37.26,1,2022
Ultracash,2.14,177.63,1,2022
Union Bank Apps,0.39,182.27,1,2022
WhatsApp,2.34,205.83,1,2022
Yes Bank Apps,27.59,5817.16,1,2022
YuvaPay,0.05,77.12,1,2022
AU Small Finance Bank App,0.25,89.36,2,2022
Airtel Payments Bank Apps,7.58,2210.17,2,2022
Allahabad Bank App,0.02,6.28,2,2022
Amazon Pay,63.49,6044.47,2,2022
Axis Bank Apps,54.78,1405.26,2,2022
BHIM,23.25,7891.86,2,2022
Bajaj Finserv,0.33,19.32,2,2022
Bank of Baroda Apps,0.67,330.69,2,2022
Bank of India App,0.05,21.28,2,2022
Bank of Maharashtra App,0.05,12.49,2,2022
Canara Bank App,0.26,95.78,2,2022
Central Bank of India App,0.12,45.26,2,2022
Citi Bank App,0.08,69.22,2,2022
City Union Bank App,0.02,5.49,2,2022
Cointab,1.73,280.57,2,2022
Cred,10.08,13364.09,2,2022
DBS Digibank App,0.46,173.63,2,2022
Dena Bank App,0.02,23.93,2,2022
Deutsche Bank App,0.87,70.43,2,2022
Dhanlaxmi Bank App,0.01,2.83,2,2022
Federal Bank App,0.55,108.21,2,2022
Fino Payments Bank App,0.03,3.25,2,2022
Finshell Pay,0.06,3.8,2,2022
Google Pay,1524.09,291273.46,2,2022
HDFC Bank Apps,4.59,1370.03,2,2022
HSBC Bank App,0.08,52.97,2,2022
ICICI Bank Apps,30.66,8727.44,2,2022
IDBI Bank App,0.02,14.6,2,2022
IDFC Bank App,1.21,321.93,2,2022
India Post Payments Bank App,2.21,268.9,2,2022
Indian Bank App,0.11,42.07,2,2022
IndusInd Bank App,0.77,1358.24,2,2022
Jammu and Kashmir Bank App,0.01,3.43,2,2022
Janta Sahakari Bank App,0.01,4.33,2,2022
Jio Payments Bank App,1.97,111.85,2,2022
Jupiter Money,1.13,140.79,2,2022
Karnataka Bank App,0.25,31.35,2,2022
Karur Vysya Bank App,0.04,17.17,2,2022
Kotak Mahindra Bank Apps,6.91,1383.3,2,2022
MI Pay,0.25,38.46,2,2022
MakeMy Trip,0.08,33.03,2,2022
Mobikwik,3.78,755.89,2,2022
NSDL Payments Bank App,0.02,1.77,2,2022
Others,0.02,8.15,2,2022
Paytm Payments Bank App,706.77,86299.22,2,2022
PhonePe,2120.2,407640.11,2,2022
Punjab National Bank App,0.08,43.49,2,2022
Punjab Sindh Bank Apps,0.01,2.66,2,2022
RBL Bank App,0.51,107.25,2,2022
Samsung Pay,3.14,421.97,2,2022
South Indian Bank App,0.12,38.69,2,2022
Standard Chartered Bank App,0.12,64.7,2,2022
State Bank of India Apps,3.38,1863.42,2,2022
UCO Bank App,0.16,35.05,2,2022
Ultracash,1.51,158.7,2,2022
Union Bank Apps,0.35,166.72,2,2022
Utkarsh Small Finance Bank,0.01,2.42,2,2022
WhatsApp,2.24,207.09,2,2022
Yes Bank Apps,32.17,6551.61,2,2022
YuvaPay,0.05,89.7,2,2022
AU Small Finance Bank App,0.29,104.48,3,2022
Airtel Payments Bank Apps,13.16,4492.25,3,2022
Allahabad Bank Apps,0.02,6.15,3,2022
Amazon Pay,76.34,6894.78,3,2022
Axis Bank Apps,61.29,1084.94,3,2022
BHIM,24.88,8050.24,3,2022
Bajaj Finserv,0.35,24.08,3,2022
Bank of Baroda Apps,0.69,328.61,3,2022
Bank of India App,0.08,26.22,3,2022
Bank of Maharashtra Apps,0.05,15,3,2022
Canara Bank Apps,0.31,109.68,3,2022
Central Bank of India Apps,0.14,50.67,3,2022
Citi Bank Apps,0.11,68.41,3,2022
City Union Bank Apps,0.03,7.3,3,2022
Cointab,0.08,33.22,3,2022
Cred,12.11,16136.11,3,2022
DBS Digibank Apps,0.49,185.52,3,2022
Dena Bank Apps,0.02,29.32,3,2022
Deutsche Bank Apps,1.02,93.02,3,2022
Dhanlaxmi Bank Apps,0.01,3.29,3,2022
Fave,0.37,13,3,2022
Federal Bank Apps,2.45,360.96,3,2022
Fino Payments Bank App,0.04,3.47,3,2022
Finserv Markets,0.03,1.49,3,2022
Finshell Pay,0.08,4,3,2022
GoIbibo,0.02,5.91,3,2022
Google Pay,1838.12,338873.25,3,2022
Groww,0.83,472.71,3,2022
HDFC Bank Apps,5.45,1624.54,3,2022
HSBC Bank Apps,0.1,62,3,2022
ICICI Bank Apps,35.13,10538.69,3,2022
IDBI Bank Apps,0.03,16.25,3,2022
IDFC Bank Apps,2.7,534.56,3,2022
India Post Payments Bank Apps,2.95,321.14,3,2022
Indian Bank Apps,0.11,42.26,3,2022
Indian Overseas Bank Apps,0.01,1.62,3,2022
IndusInd Bank Apps,1.03,2252.3,3,2022
Jammu and Kashmir Bank Apps,0.01,2.15,3,2022
Janata Sahakari Bank Apps,0.01,4.51,3,2022
Jio Payments Bank Apps,2.27,129.5,3,2022
Jupiter,1.32,164.8,3,2022
Karnataka Bank Apps,0.3,37.96,3,2022
Karur Vysya Bank Apps,0.04,18.29,3,2022
Kotak Mahindra Bank Apps,7.92,1587.51,3,2022
MI Pay,0.24,36.02,3,2022
MakeMyTrip,0.1,47.1,3,2022
Mobikwik,3.6,739.25,3,2022
NSDL Payments Bank Apps,0.02,2.28,3,2022
Others,0.02,8.11,3,2022
Paytm Payments Bank App,837.14,95650.36,3,2022
PhonePe,2527.15,471401.26,3,2022
Punjab National Bank Apps,0.09,46.64,3,2022
Punjab Sind Bank Apps,0.01,3.8,3,2022
RBL Bank Apps,0.46,126.75,3,2022
Samsung Pay,3.73,473.5,3,2022
South Indian Bank Apps,0.13,44.63,3,2022
Standard Chartered Bank Apps,0.13,69.84,3,2022
State Bank of India Apps,4.01,2130.56,3,2022
SuperPay,0.1,0.64,3,2022
UCO Bank Apps,0.19,40.88,3,2022
Ultracash,0.03,1.12,3,2022
Union Bank Apps,0.41,197.01,3,2022
Utkarsh Small Finance Bank Apps,0.01,3.9,3,2022
WhatsApp,2.54,239.78,3,2022
Yes Bank Apps,35.25,8746.74,3,2022
YuvaPay,0.06,105.39,3,2022
AU Small Finance Bank App,0.32,109.89,4,2022
Airtel Payments Bank Apps,5.3,460.9,4,2022
Amazon Pay,73.21,6699.57,4,2022
Axis Bank Apps,64.03,1257.15,4,2022
BHIM,25.69,8354.34,4,2022
Bajaj Finserv,0.52,38.61,4,2022
Bank of Baroda Apps,0.77,344.65,4,2022
Bank of India App,0.1,32.62,4,2022
Bank of Maharashtra Apps,0.05,14.56,4,2022
Canara Bank Apps,0.31,110.31,4,2022
Central Bank of India Apps,0.13,51.04,4,2022
Citi Bank Apps,0.08,66.03,4,2022
City Union Bank Apps,0.03,8.41,4,2022
Cointab,0.07,28.5,4,2022
Cred,13.05,16372.92,4,2022
DBS Digibank Apps,0.47,175.45,4,2022
Deutsche Bank Apps,1.51,128.43,4,2022
Dhanlaxmi Bank Apps,0.01,3.02,4,2022
Fave,0.18,7.73,4,2022
Federal Bank Apps,2.7,375.64,4,2022
Fino Payments Bank App,0.04,3.26,4,2022
Finserv Markets,0.01,1.06,4,2022
Finshell Pay,0.08,4.45,4,2022
GoIbibo,0.01,3.31,4,2022
Google Pay,1914.77,344791.35,4,2022
Groww,0.61,376.18,4,2022
HDFC Bank Apps,5.9,1759.12,4,2022
HSBC Bank Apps,0.11,59.72,4,2022
ICICI Bank Apps,37.65,9356.17,4,2022
IDBI Bank Apps,0.03,16.78,4,2022
IDFC Bank Apps,2.49,532.69,4,2022
India Post Payments Bank Apps,2.8,328.53,4,2022
Indian Bank Apps,0.14,49.9,4,2022
Indian Overseas Bank Apps,0.01,1.52,4,2022
IndusInd Bank Apps,1.02,2596.71,4,2022
Janata Sahakari Bank Apps,0.01,4.28,4,2022
Jio Payments Bank Apps,2.1,126.25,4,2022
Jupiter,1.47,186.13,4,2022
Jupiter Edge (LivQuick PPI App),0.01,0.43,4,2022
Karnataka Bank Apps,0.27,35.58,4,2022
Karur Vysya Bank Apps,0.04,18.54,4,2022
Kotak Mahindra Bank Apps,7.96,1684.35,4,2022
MI Pay,0.19,28.58,4,2022
MakeMyTrip,0.09,41.18,4,2022
Mobikwik,2.37,421.47,4,2022
NSDL Payments Bank Apps,0.02,2.32,4,2022
Others,0.02,8.26,4,2022
Paytm Payments Bank App,851.61,101649.06,4,2022
PhonePe,2616.26,486557.03,4,2022
Punjab National Bank Apps,0.09,46.27,4,2022
Punjab Sind Bank Apps,0.01,5.38,4,2022
RBL Bank Apps,0.3,113.65,4,2022
Samsung Pay,3.81,470.11,4,2022
South Indian Bank Apps,0.13,45.03,4,2022
Standard Chartered Bank Apps,0.12,68.15,4,2022
State Bank of India Apps,4.03,2118,4,2022
SuperPay,0.02,0.4,4,2022
Tamilnad Mercantile Bank Apps,0.01,0.26,4,2022
TataNeu,0.35,32.82,4,2022
UCO Bank Apps,0.21,41.48,4,2022
Ultracash,0.03,2.22,4,2022
Union Bank Apps,0.42,198.34,4,2022
Utkarsh Small Finance Bank Apps,0.01,3.88,4,2022
WhatsApp,2.5,242.4,4,2022
Yes Bank Apps,34.07,10246.99,4,2022
YuvaPay,0.06,103.34,4,2022
AU Small Finance Bank App,0.35,107.22,5,2022
Airtel Payments Bank Apps,6.11,486.62,5,2022
Allahabad Bank Apps,0.02,6.25,5,2022
Amazon Pay,74.83,6954.18,5,2022
Axis Bank Apps,58.66,1425.16,5,2022
BHIM,26.57,9559.66,5,2022
Bajaj Finserv,0.79,58.53,5,2022
Bank of Baroda Apps,0.88,406.79,5,2022
Bank of India App,0.12,40.04,5,2022
Bank of Maharashtra Apps,0.06,16.47,5,2022
Canara Bank Apps,0.33,114.09,5,2022
Central Bank of India Apps,0.15,55.4,5,2022
Citi Bank Apps,0.13,78.71,5,2022
City Union Bank Apps,0.03,10.06,5,2022
Cointab,0.06,23.77,5,2022
Cred,13.89,18174.61,5,2022
DBS Digibank Apps,0.47,186.33,5,2022
Deutsche Bank Apps,1.64,116.55,5,2022
Dhanlaxmi Bank Apps,0.01,3.35,5,2022
Fave,0.1,6.12,5,2022
Federal Bank Apps,3.42,474.12,5,2022
Fino Payments Bank App,0.04,3.83,5,2022
Finserv Markets,0.01,1.01,5,2022
Finshell Pay,0.09,4.68,5,2022
GoIbibo,0.01,2.41,5,2022
Google Pay,2079.92,365989.27,5,2022
Groww,0.51,335.28,5,2022
HDFC Bank Apps,6.95,1981.11,5,2022
HSBC Bank Apps,0.1,63.17,5,2022
ICICI Bank Apps,37.59,11056.9,5,2022
IDBI Bank Apps,0.03,18.48,5,2022
IDFC Bank Apps,4.75,626.34,5,2022
India Post Payments Bank Apps,3.1,351.88,5,2022
Indian Bank Apps,0.16,53.13,5,2022
Indian Overseas Bank Apps,0.01,2.35,5,2022
IndusInd Bank Apps,1.01,1711.21,5,2022
Janata Sahakari Bank Apps,0.01,4.79,5,2022
Jio Payments Bank Apps,2.08,127.88,5,2022
Jupiter,1.79,215.44,5,2022
Jupiter Edge (LivQuick PPI),0.1,5.74,5,2022
Karnataka Bank Apps,0.33,40.34,5,2022
Karur Vysya Bank Apps,0.04,17.69,5,2022
Kotak Mahindra Bank Apps,8.5,1885,5,2022
MI Pay,0.2,33.9,5,2022
MakeMyTrip,0.09,43.26,5,2022
Mobikwik,2.46,397.7,5,2022
NSDL Payments Bank Apps,0.02,2.39,5,2022
Others,0.03,10.7,5,2022
Paytm Payments Bank App,887.45,108276.78,5,2022
PhonePe,2778.75,511028.81,5,2022
Punjab National Bank Apps,0.09,43.77,5,2022
Punjab Sind Bank Apps,0.01,6.39,5,2022
RBL Bank Apps,0.38,125.39,5,2022
Samsung Pay,4.11,490.3,5,2022
South Indian Bank Apps,0.14,49.73,5,2022
Standard Chartered Bank Apps,0.13,70.48,5,2022
State Bank of India Apps,4.18,2195.66,5,2022
Tamilnad Mercantile Bank Apps,0.01,1.13,5,2022
TataNeu,0.22,30.33,5,2022
UCO Bank Apps,0.22,46.39,5,2022
Ultracash,0.05,4.4,5,2022
Union Bank Apps,0.45,211.85,5,2022
Utkarsh Small Finance Bank Apps,0.01,4.43,5,2022
WhatsApp,3.48,294.98,5,2022
Yes Bank Apps,39.69,11760.16,5,2022
YuvaPay,0.04,88.95,5,2022
AU Small Finance Bank App,0.38,120.24,6,2022
Airtel Payments Bank Apps,6.38,506.2,6,2022
Allahabad Bank Apps,0.02,6.79,6,2022
Amazon Pay,68.4,6541.84,6,2022
Axis Bank Apps,52.6,1268.38,6,2022
BHIM,22.6,7527.98,6,2022
Bajaj Finserv,1.16,85.49,6,2022
Bajaj Markets,0.01,1.2,6,2022
Bank of Baroda Apps,0.83,347.72,6,2022
Bank of India App,0.13,41.82,6,2022
Bank of Maharashtra Apps,0.06,15.77,6,2022
Canara Bank Apps,0.34,109.78,6,2022
Central Bank of India Apps,0.15,54.06,6,2022
Citi Bank Apps,0.13,63.54,6,2022
City Union Bank Apps,0.03,8.72,6,2022
Cointab,0.06,23.99,6,2022
Cred,13.4,17583.25,6,2022
DBS Digibank Apps,0.46,171.69,6,2022
Deutsche Bank Apps,1.51,99.12,6,2022
Dhanlaxmi Bank Apps,0.01,2.7,6,2022
Equitas Small Finance Bank Apps,0.01,3.87,6,2022
Fave,0.12,6.94,6,2022
Federal Bank Apps,3.55,494.21,6,2022
Fino Payments Bank App,0.05,3.17,6,2022
Finshell Pay,0.1,5.3,6,2022
GoIbibo,0.01,3.87,6,2022
Google Pay,2025.89,355137.2,6,2022
Groww,0.72,416.73,6,2022
HDFC Bank Apps,8.24,2066.22,6,2022
HSBC Bank Apps,0.11,61.39,6,2022
ICICI Bank Apps,39.37,10202.14,6,2022
IDBI Bank Apps,0.03,15.71,6,2022
IDFC Bank Apps,7.03,663.65,6,2022
India Post Payments Bank Apps,3.98,467.34,6,2022
Indian Bank Apps,0.17,53.68,6,2022
Indian Overseas Bank Apps,0.01,2.98,6,2022
IndusInd Bank Apps,1,1645.13,6,2022
Janata Sahakari Bank Apps,0.01,4.47,6,2022
Jio Payments Bank Apps,1.87,116.34,6,2022
Jupiter,1.89,223.22,6,2022
Jupiter Edge (LivQuick PPI),0.13,8.72,6,2022
Karnataka Bank Apps,0.32,43.13,6,2022
Karur Vysya Bank Apps,0.04,15.91,6,2022
Kotak Mahindra Bank Apps,8.33,1762.28,6,2022
MI Pay,0.17,29.61,6,2022
MakeMyTrip,0.11,51.45,6,2022
Mobikwik,2.31,404.63,6,2022
NSDL Payments Bank Apps,0.02,2.44,6,2022
Others,0.02,6.34,6,2022
Paytm Payments Bank App,877.5,102119.9,6,2022
PhonePe,2732.59,501474.48,6,2022
Punjab National Bank Apps,0.08,40.68,6,2022
Punjab Sind Bank Apps,0.01,5.93,6,2022
RBL Bank Apps,0.42,123.89,6,2022
Samsung Pay,4.07,468.23,6,2022
South Indian Bank Apps,0.14,46.66,6,2022
Standard Chartered Bank Apps,0.13,69.13,6,2022
State Bank of India Apps,3.83,1947.1,6,2022
TJSB Bank Apps,0.01,2.1,6,2022
Tamilnad Mercantile Bank Apps,0.03,4.02,6,2022
TataNeu,0.12,19.41,6,2022
UCO Bank Apps,0.22,42.3,6,2022
Ultracash,0.03,3.32,6,2022
Union Bank Apps,0.45,199.8,6,2022
Utkarsh Small Finance Bank Apps,0.01,3.47,6,2022
WhatsApp,23.04,429.06,6,2022
Yes Bank Apps,44.03,11147.17,6,2022
YuvaPay,0.03,58.31,6,2022
AU Small Finance Bank App,0.42,131.49,7,2022
Airtel Payments Bank Apps,7.41,555.26,7,2022
Allahabad Bank Apps,0.03,6.95,7,2022
Amazon Pay,68.77,6751.8,7,2022
Axis Bank Apps,53.99,1213.95,7,2022
BHIM,24.48,7823.95,7,2022
Bajaj Finserv,1.95,128.52,7,2022
Bajaj Markets,0.02,1.66,7,2022
Bandhan Bank Apps,0.01,1.35,7,2022
Bank of Baroda Apps,0.88,354.45,7,2022
Bank of India App,0.15,46.44,7,2022
Bank of Maharashtra Apps,0.06,16.47,7,2022
Canara Bank Apps,0.47,128.79,7,2022
Central Bank of India Apps,0.22,58.37,7,2022
Citi Bank Apps,0.11,63.66,7,2022
City Union Bank Apps,0.03,10.19,7,2022
Cointab,0.07,27.3,7,2022
Cred,14.89,19716.43,7,2022
DBS Digibank Apps,0.47,179.27,7,2022
Deutsche Bank Apps,1.87,116.01,7,2022
Dhanlaxmi Bank Apps,0.01,2.86,7,2022
Equitas Small Finance Bank Apps,0.01,4.89,7,2022
Fave,0.16,11.06,7,2022
Federal Bank Apps,3.85,539.55,7,2022
Fino Payments Bank Apps,0.06,4.26,7,2022
GoIbibo,0.01,5.1,7,2022
Google Pay,2130.63,366669.09,7,2022
Groww,0.49,290.31,7,2022
HDFC Bank Apps,9.38,2341.28,7,2022
HSBC Bank Apps,0.11,68.47,7,2022
ICICI Bank Apps,37.34,11509.29,7,2022
IDBI Bank Apps,0.03,16.42,7,2022
IDFC Bank Apps,8.28,645.34,7,2022
India Post Payments Bank Apps,4.08,480.59,7,2022
Indian Bank Apps,0.21,71.39,7,2022
Indian Overseas Bank Apps,0.01,3.74,7,2022
IndusInd Bank Apps,0.99,1652.26,7,2022
Janata Sahakari Bank Apps,0.01,4.15,7,2022
Jio Payments Bank Apps,1.9,116.59,7,2022
Jupiter,2.1,254.14,7,2022
Karnataka Bank Apps,0.35,48.01,7,2022
Karur Vysya Bank Apps,0.04,15.66,7,2022
Kotak Mahindra Bank Apps,8.86,1816.33,7,2022
MI Pay,0.16,26.98,7,2022
MakeMyTrip,0.13,58.19,7,2022
Mobikwik,2.48,462.17,7,2022
NSDL Payments Bank Apps,0.02,3.5,7,2022
Others,0.02,5.15,7,2022
Paytm Payments Bank App,933.88,111149.66,7,2022
PhonePe,2993.83,524742.49,7,2022
Punjab National Bank Apps,0.07,35.7,7,2022
Punjab Sind Bank Apps,0.01,4.03,7,2022
RBL Bank Apps,0.54,121.17,7,2022
Samsung Pay,4.05,472.39,7,2022
South Indian Bank Apps,0.15,46.97,7,2022
Standard Chartered Bank Apps,0.14,74.11,7,2022
State Bank of India Apps,4.15,2013.47,7,2022
TJSB Bank Apps,0.01,2.26,7,2022
Tamilnad Mercantile Bank Apps,0.05,6.78,7,2022
TataNeu,0.11,17.26,7,2022
UCO Bank Apps,0.22,46.83,7,2022
Ultracash,0.03,2.08,7,2022
Union Bank Apps,0.49,208.03,7,2022
Utkarsh Small Finance Bank Apps,0.02,4.55,7,2022
WhatsApp,6.18,502,7,2022
Yes Bank Apps,60.8,15236.04,7,2022
YuvaPay,0.01,21.38,7,2022
